test/loss_MS_SSIM,test/loss_MSE,test/loss_BCE,epoch,step
21.60513687133789,0.02274310775101185,0.4248332679271698,0,0
