test/loss_MS_SSIM,test/loss_MSE,test/loss_BCE,epoch,step
16.83774185180664,0.01811404712498188,0.4112407863140106,0,0
